/MFR URL,Ref URL 1,Ref URL 2,Ref URL 3,Ref URL 4,Ref URL 5,PART_NUMBER,Dept,Class,Fine,SKU - MY_PART_NUMBER,Mfg_Part_Num,Part_Desc,E1_Brand,Unilog_Brand,DIB_Brand,Part_Manuf,MANUFACTURER_NAME,BRAND_NAME,TRADE_NAME,MANUFACTURER_PART_NUMBER,ALTERNATE_PART_NUMBER,Classpath,MOBILE_DESC,INVOICE_DESC,SHORT_DESC,LONG_DESC1,RETAIL_DESC,MARKETING_DESCRIPTION,ITEM_FEATURES_1,ITEM_FEATURES_2,ITEM_FEATURES_3,ITEM_FEATURES_4,ITEM_FEATURES_5,ITEM_FEATURES_6,ITEM_FEATURES_7,ITEM_FEATURES_8,ITEM_FEATURES_9,ITEM_FEATURES_10,ITEM_FEATURES_11,ITEM_FEATURES_12,ITEM_FEATURES_13,ITEM_FEATURES_14,ITEM_FEATURES_15,ITEM_FEATURES_16,ITEM_FEATURES_17,ITEM_FEATURES_18,ITEM_FEATURES_19,ITEM_FEATURES_20,With,Standard/Approvals,Prop 65,Application,Includes,Product Name,ATTRIBUTE_LABEL 1,ATTRIBUTE_VALUE 1,ATTRIBUTE_UOM 1,ATTRIBUTE_LABEL 2,ATTRIBUTE_VALUE 2,ATTRIBUTE_UOM 2,ATTRIBUTE_LABEL 3,ATTRIBUTE_VALUE 3,ATTRIBUTE_UOM 3,ATTRIBUTE_LABEL 4,ATTRIBUTE_VALUE 4,ATTRIBUTE_UOM 4,ATTRIBUTE_LABEL 5,ATTRIBUTE_VALUE 5,ATTRIBUTE_UOM 5,ATTRIBUTE_LABEL 6,ATTRIBUTE_VALUE 6,ATTRIBUTE_UOM 6,ATTRIBUTE_LABEL 7,ATTRIBUTE_VALUE 7,ATTRIBUTE_UOM 7,ATTRIBUTE_LABEL 8,ATTRIBUTE_VALUE 8,ATTRIBUTE_UOM 8,ATTRIBUTE_LABEL 9,ATTRIBUTE_VALUE 9,ATTRIBUTE_UOM 9,ATTRIBUTE_LABEL 10,ATTRIBUTE_VALUE 10,ATTRIBUTE_UOM 10,ATTRIBUTE_LABEL 11,ATTRIBUTE_VALUE 11,ATTRIBUTE_UOM 11,ATTRIBUTE_LABEL 12,ATTRIBUTE_VALUE 12,ATTRIBUTE_UOM 12,ATTRIBUTE_LABEL 13,ATTRIBUTE_VALUE 13,ATTRIBUTE_UOM 13,ATTRIBUTE_LABEL 14,ATTRIBUTE_VALUE 14,ATTRIBUTE_UOM 14,ATTRIBUTE_LABEL 15,ATTRIBUTE_VALUE 15,ATTRIBUTE_UOM 15,ATTRIBUTE_LABEL 16,ATTRIBUTE_VALUE 16,ATTRIBUTE_UOM 16,ATTRIBUTE_LABEL 17,ATTRIBUTE_VALUE 17,ATTRIBUTE_UOM 17,ATTRIBUTE_LABEL 18,ATTRIBUTE_VALUE 18,ATTRIBUTE_UOM 18,ATTRIBUTE_LABEL 19,ATTRIBUTE_VALUE 19,ATTRIBUTE_UOM 19,ATTRIBUTE_LABEL 20,ATTRIBUTE_VALUE 20,ATTRIBUTE_UOM 20,ATTRIBUTE_LABEL 21,ATTRIBUTE_VALUE 21,ATTRIBUTE_UOM 21,ATTRIBUTE_LABEL 22,ATTRIBUTE_VALUE 22,ATTRIBUTE_UOM 22,ATTRIBUTE_LABEL 23,ATTRIBUTE_VALUE 23,ATTRIBUTE_UOM 23,ATTRIBUTE_LABEL 24,ATTRIBUTE_VALUE 24,ATTRIBUTE_UOM 24,ATTRIBUTE_LABEL 25,ATTRIBUTE_VALUE 25,ATTRIBUTE_UOM 25,ATTRIBUTE_LABEL 26,ATTRIBUTE_VALUE 26,ATTRIBUTE_UOM 26,ATTRIBUTE_LABEL 27,ATTRIBUTE_VALUE 27,ATTRIBUTE_UOM 27,ATTRIBUTE_LABEL 28,ATTRIBUTE_VALUE 28,ATTRIBUTE_UOM 28,ATTRIBUTE_LABEL 29,ATTRIBUTE_VALUE 29,ATTRIBUTE_UOM 29,ATTRIBUTE_LABEL 30,ATTRIBUTE_VALUE 30,ATTRIBUTE_UOM 30,ATTRIBUTE_LABEL 31,ATTRIBUTE_VALUE 31,ATTRIBUTE_UOM 31,ATTRIBUTE_LABEL 32,ATTRIBUTE_VALUE 32,ATTRIBUTE_UOM 32,ATTRIBUTE_LABEL 33,ATTRIBUTE_VALUE 33,ATTRIBUTE_UOM 33,ATTRIBUTE_LABEL 34,ATTRIBUTE_VALUE 34,ATTRIBUTE_UOM 34,ATTRIBUTE_LABEL 35,ATTRIBUTE_VALUE 35,ATTRIBUTE_UOM 35,ATTRIBUTE_LABEL 36,ATTRIBUTE_VALUE 36,ATTRIBUTE_UOM 36,ATTRIBUTE_LABEL 37,ATTRIBUTE_VALUE 37,ATTRIBUTE_UOM 37,ATTRIBUTE_LABEL 38,ATTRIBUTE_VALUE 38,ATTRIBUTE_UOM 38,ATTRIBUTE_LABEL 39,ATTRIBUTE_VALUE 39,ATTRIBUTE_UOM 39,ATTRIBUTE_LABEL 40,ATTRIBUTE_VALUE 40,ATTRIBUTE_UOM 40,ATTRIBUTE_LABEL 41,ATTRIBUTE_VALUE 41,ATTRIBUTE_UOM 41,ATTRIBUTE_LABEL 42,ATTRIBUTE_VALUE 42,ATTRIBUTE_UOM 42,ATTRIBUTE_LABEL 43,ATTRIBUTE_VALUE 43,ATTRIBUTE_UOM 43,ATTRIBUTE_LABEL 44,ATTRIBUTE_VALUE 44,ATTRIBUTE_UOM 44,ATTRIBUTE_LABEL 45,ATTRIBUTE_VALUE 45,ATTRIBUTE_UOM 45,ATTRIBUTE_LABEL 46,ATTRIBUTE_VALUE 46,ATTRIBUTE_UOM 46,ATTRIBUTE_LABEL 47,ATTRIBUTE_VALUE 47,ATTRIBUTE_UOM 47,ATTRIBUTE_LABEL 48,ATTRIBUTE_VALUE 48,ATTRIBUTE_UOM 48,ATTRIBUTE_LABEL 49,ATTRIBUTE_VALUE 49,ATTRIBUTE_UOM 49,ATTRIBUTE_LABEL 50,ATTRIBUTE_VALUE 50,ATTRIBUTE_UOM 50,UPC,EAN,GTIN,UNSPSC,Warranty,List Price,Selling Qty,Selling UOM,Standard Packaging Information,LENGTH,LENGTH_UOM,HEIGHT,HEIGHT_UOM,WIDTH,WIDTH_UOM,WEIGHT,WEIGHT_UOM,VOLUME,VOLUME_UOM,Product Image,Alternate Image 1,Alternate Image 2,Alternate Image 3,Alternate Image 4,SDS,SDS_1,Warranty Information,Catalog,Specification Sheet,Instruction/Installation Manual,Service Manual,Owners/User Manual,Line Drawing,MTR,RoHS,Full Engineering Drawing,Energy Star Guide,Technical Bulletin,Submittal,Compatibility Chart,Size Chart,Product Label/Insert,Video Link,Video Link 1,Country Of Origin,Discontinued,Actual Image (Yes/No)
https://www.3mindia.in/3M/en_IN/p/d/b40064765/,https://www.3m.com/3M/en_US/p/c/abrasives/discs/film/i/transportation/commercial-and-specialty-vehicles/,https://www.3m.co.uk/3M/en_GB/p/c/abrasives/discs/,https://www.weldfastuk.co.uk/wp-content/uploads/2019/10/3M-Abrasives-catalogue.pdf,https://multimedia.3m.com/mws/media/1420919O/demo-every-day-playbook.pdf,,,,,,,3MABR-7100048736,3M 775L Stikit Film P80 - Cubitron II 50 Disc/Box,-- Unbranded --,-- No Unilog Brand --,-- No DIB Brand --,Jam Industrial Supply LLC (JAMIN),3M,3M,Abrasive Discs,3MABR-7100048736,,,"3M Abrasive Discs for grinding, sanding, and cutting.","Abrasive discs for various materials including wood, metal, and composite.",Abrasive Discs,"3M offer a full range of grinding, sanding and cutting discs for use in a wide variety of applications including stock removal, blending, finishing and polishing. The combination of several minerals, resin systems and backings results in a wide variety of products designed to meet the requirements needed for use on most wood, metal, composite, gel coat and painted substrates.","Ideal for professional and DIY use in woodworking, metalworking, and composite fabrication.","Versatile abrasive discs for a wide range of grinding, sanding, and cutting applications.",High-Performance Abrasive Materials,Various Disc Types for Different Materials,Quick Change System for Efficient Operation,"Suitable for Stock Removal, Blending, Finishing, and Polishing",Durable Backing for Extended Use,Consistent Grit for Even Results,,,,,,,,,,,,,,,"Various Minerals, Resin Systems, and Backings",,,"Grinding, sanding, and cutting for various materials.","Selection of Disc Types (Cloth, Fibre, Film, Flap, Foam, Net, Non-woven, Paper)",,,,,,,,,,,,,,,,,,,,,,,,,,,,,,,,,,,,,,,,,,,,,,,,,,,,,,,,,,,,,,,,,,,,,,,,,,,,,,,,,,,,,,,,,,,,,,,,,,,,,,,,,,,,,,,,,,,,,,,,,,,,,,,,,,,,,,,,,,,,,,,,,,,,,,,,,,,,,,,,,,,,,,,,,,,https://multimedia.3m.com/mws/media/1812021O/industry-feature-image.png,https://multimedia.3m.com/mws/media/2598605J/3m-cubitron-ii-hookit-film-disc-775l-product-family.jpg?width=506,https://multimedia.3m.com/mws/media/2650410J/3m-xtract-product-family-digital-brochure-in.jpg,https://multimedia.3m.com/mws/media/2647308J/3m-cubitron-ii-film-disc-775l-digital-brochure-in.jpg,https://multimedia.3m.com/mws/media/2650429J/random-orbital-sanding-guide-in-digital.jpg,,,,,,,,,,,,,,,,,,,,,,,
,https://diablotools.com/products/DCB518ASTS06G,https://www.dkhardware.com/diablo-dcb518asts06g-sanding-belt-asrtd-1-2-x-18in-pack-of-6-product-7874581.html,https://www.shelllumber.com/products/diablo-dcb518asts06g-sanding-belt-1-2-in-w-18-in-l-50-80-120-grit-coarse-fine-medium-zirconium-abrasive,https://www.alldatasheet.com/,https://shop.icrsupply.com/p/1804ea70-c57e-4304-b6f7-0711b29ed800/7872492,,,,,,DCB518ASTS06G,"DCB518ASTS06G Diablo 1/2""x18"" - Sanding Belt 6pc",-- Unbranded --,-- No Unilog Brand --,-- No DIB Brand --,Freud Inc (2435),Diablo,Diablo,Detail File Sanding Belts,DCB518ASTS06G,DCB518ASTS06G,,1/2 x 18 in detail file sanding belts with assorted grits for various sanding applications.,"Diablo 1/2 x 18 in Detail File Sanding Belts (2x50, 2x80, 2x120 Grit)",Sanding Belts,"These belts feature a premium aluminum oxide blend, stearate coating, ENDURA-BOND™, and Clog-SHIELD™ technology for enhanced performance and durability. Ideal for surface leveling, heavy stock removal, moderate stock removal, and final sanding.","Diablo's 1/2 x 18 in detail file sanding belts include break-through innovations that improve performance, extend sanding life and increase productivity. Featuring a premium aluminum oxide blend, these belts remove material faster than other sanding belts and offer an extra-long sanding life.","Maximize your sanding efficiency with Diablo's Detail File Sanding Belts! Featuring a premium aluminum oxide blend, these belts deliver exceptional material removal and a dramatically extended sanding life. Perfect for metal, plastic, and wood.",Premium Aluminum Oxide Blend,Stearate Coating Reduces Pitch Build-up,ENDURA-BOND™ for Extreme Durability,Clog-SHIELD™ Reduces Loading and Clogging,Cloth Backing Material,"Coarse, Fine, and Medium Grits Included",Suitable for Narrow Belt Sanders,"Designed for Heavy Stock Removal, Planing, and Sanding",Increases Productivity,Extends Sanding Life,,,,,,,,,,,"2x50 Grit, 2x80 Grit, 2x120 Grit",,WARNING: California Residents see Prop 65 Warnings,"Surface Leveling, Heavy Stock Removal, Moderate Stock Removal, Final Sanding",(2) 50 Grit Coarse Sanding Belts (2) 80 Grit Medium Sanding Belts and (2) 120 Grit Fine Sanding Belts,Diablo 1/2 x 18 in Detail File Sanding Belts,,,,,,,,,,,,,,,,,,,,,,,,,,,,,,,,,,,,,,,,,,,,,,,,,,,,,,,,,,,,,,,,,,,,,,,,,,,,,,,,,,,,,,,,,,,,,,,,,,,,,,,,,,,,,,,,,,,,,,,,,,,,,,,,,,,,,,,,,,,,,,,,,,,,,,,008925172550,,008925172550,36221503,N/A,N/A,6,each,N/A,18,in,1/2,in,1/2,in,N/A,N/A,N/A,N/A,//www.shelllumber.com/cdn/shop/files/7872492.jpg?v=1752076558&width=480,//www.shelllumber.com/cdn/shop/files/7872492.jpg?v=1752076558&width=240,//www.shelllumber.com/cdn/shop/files/7872492.jpg?v=1752076558&width=360,//www.shelllumber.com/cdn/shop/files/7872492.jpg?v=1752076558&width=420,//www.shelllumber.com/cdn/shop/files/7872492.jpg?v=1752076558&width=640,,,,,,,,,,,,,,,,,,,,,N/A,N/A,
https://www.3m.com/3M/en_US/p/d/b40064765/,https://multimedia.3m.com/mws/media/2647312O/3m-cubitron-ii-film-disc-775l-digital-brochure-sg.pdf?fn=3m-asd-pym-xtract-cubitron-ii-film-disc-775l-brochure-sg-digital.pdf,https://www.3m.com/3M/en_US/p/c/abrasives/discs/film/i/transportation/commercial-and-specialty-vehicles/,https://www.pccomposites.com/wp-content/uploads/2019/11/PCAHC-360L.pdf,https://www.weldfastuk.co.uk/wp-content/uploads/2019/10/3M-Abrasives-catalogue.pdf,,,,,,,3MABR-7100075690,3M 775L Stikit Film P180 - Cubitron II 50 Disc/Box,-- Unbranded --,-- No Unilog Brand --,-- No DIB Brand --,Jam Industrial Supply LLC (JAMIN),3M,3M,Film Discs,3MABR-7100075690,,,Film Discs for Commercial and Specialty Vehicles,Abrasive discs designed for commercial and specialty vehicle applications.,Film Discs,"3M™ Film Discs offer a durable solution for removing paint, coatings, and contaminants from commercial and specialty vehicles. These discs are ideal for detailing, restoration, and repair applications.",,,Durable Film Construction,Effective Paint Removal,Suitable for Commercial Vehicles,Versatile for Various Applications,,,,,,,,,,,,,,,,,Various grits available,,,"Commercial vehicles, specialty vehicles, automotive detailing",Film Disc,3M Film Discs,,,,,,,,,,,,,,,,,,,,,,,,,,,,,,,,,,,,,,,,,,,,,,,,,,,,,,,,,,,,,,,,,,,,,,,,,,,,,,,,,,,,,,,,,,,,,,,,,,,,,,,,,,,,,,,,,,,,,,,,,,,,,,,,,,,,,,,,,,,,,,,,,,,,,,,,,,,,,,,,,,,,,,,,,,https://multimedia.3m.com/mws/media/1812021O/industry-feature-image.png,https://multimedia.3m.com/mws/media/2598605J/3m-cubitron-ii-hookit-film-disc-775l-product-family.jpg?width=506,https://multimedia.3m.com/mws/media/1812021O/industry-feature-image.png,https://multimedia.3m.com/mws/media/2598605J/3m-cubitron-ii-hookit-film-disc-775l-product-family.jpg,https://multimedia.3m.com/mws/media/968865J/3m-cubitron-ii-stikit-film-disc-775l-linered-5-120-86803.jpg,,,,,,,,,,,,,,,,,,,,,,,
https://www.3mindia.in/3M/en_IN/p/d/b40064765/,https://www.3m.com/3M/en_US/p/d/b40065039/,https://www.3m.com/3M/en_US/p/c/abrasives/discs/film/i/transportation/commercial-and-specialty-vehicles/,https://www.pccomposites.com/wp-content/uploads/2019/11/PCAHC-360L.pdf,https://www.3m.co.uk/3M/en_GB/p/c/abrasives/discs/,,,,,,,3MABR-7100045865,3M 775L Stikit Film P120 - Cubitron II 50 Disc/Box,-- Unbranded --,-- No Unilog Brand --,-- No DIB Brand --,Jam Industrial Supply LLC (JAMIN),3M,3M,Abrasive Discs,3MABR-7100045865,,,"A wide range of grinding, sanding and cutting discs for various applications.","Abrasive discs for stock removal, grinding, sanding and cutting.",Abrasive Discs,"3M offer a full range of grinding, sanding and cutting discs for use in a wide variety of applications including stock removal, deburring, finishing and cleaning.",High-performance abrasive discs for industrial and professional use.,"Versatile abrasive discs offering superior cutting, grinding and sanding performance.",Wide range of disc types,"For stock removal, grinding, sanding and cutting",Suitable for various materials,Quick Change System available,High Quality Materials,Improved Productivity,Reduced Downtime,Extended Tool Life,,,,,,,,,,,,,Quick Change System,,,"Stock removal, grinding, sanding and cutting",Variety of disc types,3M Abrasive Discs,,,,,,,,,,,,,,,,,,,,,,,,,,,,,,,,,,,,,,,,,,,,,,,,,,,,,,,,,,,,,,,,,,,,,,,,,,,,,,,,,,,,,,,,,,,,,,,,,,,,,,,,,,,,,,,,,,,,,,,,,,,,,,,,,,,,,,,,,,,,,,,,,,,,,,,,,,,,,,,,,,,,,,,,,,https://multimedia.3m.com/mws/media/1812021O/industry-feature-image.png,https://multimedia.3m.com/mws/media/2598605J/3m-cubitron-ii-hookit-film-disc-775l-product-family.jpg?width=506,https://multimedia.3m.com/mws/media/2650410J/3m-xtract-product-family-digital-brochure-in.jpg,https://multimedia.3m.com/mws/media/2647308J/3m-cubitron-ii-film-disc-775l-digital-brochure-in.jpg,https://multimedia.3m.com/mws/media/2650429J/random-orbital-sanding-guide-in-digital.jpg,,,,,,,,,,,,,,,,,,,,,,,
https://www.3mindia.in/3M/en_IN/p/d/b40064765/,https://www.3m.com/3M/en_US/p/d/b40065039/,https://www.3m.com/3M/en_US/p/c/abrasives/discs/film/i/transportation/commercial-and-specialty-vehicles/,https://www.3m.com.tt/3M/en_TT/p/c/i/transportation/transportation-infrastructure/,https://www.pccomposites.com/wp-content/uploads/2019/11/PCAHC-360L.pdf,,,,,,,3MABR-7100075678,3M 775L Stikit Film P150 - Cubitron II 50 Disc/Box,-- Unbranded --,-- No Unilog Brand --,-- No DIB Brand --,Jam Industrial Supply LLC (JAMIN),3M,3M Xtract,Cubitron II Film Disc 775L,3MABR-7100075678,b40065039,,3M Xtract™ Cubitron™ II Film Disc 775L,3M Xtract™ Cubitron™ II Film Disc 775L,3M Xtract™ Cubitron™ II Film Disc 775L,"A group of overlapping 3M 775L Film Discs in varying grades, from coarser discs in dark purple to finer discs in light purple.",,,Film Disc,Various Grades,Coarse to Fine,,,,,,,,,,,,,,,,,,Options available,,,Transportation Infrastructure,Film Discs,3M Xtract™ Cubitron™ II Film Disc 775L,,,,,,,,,,,,,,,,,,,,,,,,,,,,,,,,,,,,,,,,,,,,,,,,,,,,,,,,,,,,,,,,,,,,,,,,,,,,,,,,,,,,,,,,,,,,,,,,,,,,,,,,,,,,,,,,,,,,,,,,,,,,,,,,,,,,,,,,,,,,,,,,,,,,,,,b40065039,,,,,,,,,,,,,,,,,,,https://multimedia.3m.com/mws/media/1812021O/industry-feature-image.png,https://multimedia.3m.com/mws/media/2598605J/3m-cubitron-ii-hookit-film-disc-775l-product-family.jpg?width=506,https://multimedia.3m.com/mws/media/2650410J/3m-xtract-product-family-digital-brochure-in.jpg,https://multimedia.3m.com/mws/media/2647308J/3m-cubitron-ii-film-disc-775l-digital-brochure-in.jpg,https://multimedia.3m.com/mws/media/2650429J/random-orbital-sanding-guide-in-digital.jpg,,,,,,,,,,,,,,,,,,,,,,,
https://www.3m.com/3M/en_US/p/dc/v000283547//,https://parts.expert/en/3m,https://multimedia.3m.com/mws/media/2136754O/3m-automotive-manufacturing-solutions-field-guide-lo-res-pdf.pdf?elqTrackId=5f646cba16214b05b57e55596954116d,https://www.3m.com/3M/en_US/p/c/office-supplies/i/consumer/,https://www.3m.com/3M/en_US/p/c/i/electronics/,https://www.3m.com/3M/en_US/p/d/b40064765/,,,,,,3MABR-7100145365,3M 775L Stikit Film P320 - Cubitron II 50 Disc/Box,-- Unbranded --,-- No Unilog Brand --,-- No DIB Brand --,Jam Industrial Supply LLC (JAMIN),3M,Cubitron II Hookit,775L,3MABR-7100145365,,,REVOLUTIONARY GRAIN DESIGN: 3M Precision Shaped Grain technology provides fast cut and long life without compromising finish,Film Disc,3M Cubitron II Hookit Film Disc 775L,"Suitable for use on all metals, composites, wood, paints, primers, and other coatings. Film backing offers greater tear resistance and edge retention while leaving a consistent finish compared to paper-backed discs.  Works well on many surfaces.",,REVOLUTIONARY GRAIN DESIGN: 3M Precision Shaped Grain technology provides fast cut and long life without compromising finish,Fast cut,Long life,Consistent finish,Suitable for various surfaces,Durable film backing,Greater tear resistance,Edge retention,,,,,,,,,,,,,,Options available,,,"Surface preparation, deburring, grinding, finishing",Film Disc,3M Cubitron II Hookit Film Disc 775L,,,,,,,,,,,,,,,,,,,,,,,,,,,,,,,,,,,,,,,,,,,,,,,,,,,,,,,,,,,,,,,,,,,,,,,,,,,,,,,,,,,,,,,,,,,,,,,,,,,,,,,,,,,,,,,,,,,,,,,,,,,,,,,,,,,,,,,,,,,,,,,,,,,,,,,,,,,,,,,,,,,,,,,,,,https://multimedia.3m.com/mws/media/1812021O/industry-feature-image.png,https://multimedia.3m.com/mws/media/1538595J/3m-cubitron-ii-775l-320-125-mm-5-inch-cleansanding-front.jpg?width=506,http://multimedia.3m.com/mws/media/1049551P/3m-28508-orbitalsander-28729-discpad-775l-1.jpg,https://multimedia.3m.com/mws/media/1812021O/industry-feature-image.png,https://multimedia.3m.com/mws/media/1882664J/dry-erase-bulletin-boards.jpg,,,,,,,,,,,,,,,,,,,,,,,
https://www.3m.com/3M/en_US/p/d/b40064765/,https://www.3m.com/3M/en_US/p/c/abrasives/discs/film/i/transportation/commercial-and-specialty-vehicles/,https://www.pccomposites.com/wp-content/uploads/2019/11/PCAHC-360L.pdf,https://www.weldfastuk.co.uk/wp-content/uploads/2019/10/3M-Abrasives-catalogue.pdf,https://www.3m.co.za/3M/en_ZA/p/c/abrasives/discs/,,,,,,,3MABR-7100075692,3M 775L Stikit Film P220 - Cubitron II 50 Disc/Box,-- Unbranded --,-- No Unilog Brand --,-- No DIB Brand --,Jam Industrial Supply LLC (JAMIN),3M,3M,Discs,3MABR-7100075692,,,3M Discs - Abrasive discs for various applications.,Abrasive discs available in various types and materials.,Abrasive Discs,"3M Abrasive Discs offer precision and durability for a wide range of grinding, cutting, and polishing applications.  Available in cloth, fibre grinding, film, flap, foam, and net configurations.",High-performance abrasive discs for professional and DIY use.,3M Discs: Delivering superior performance and reliability for demanding abrasive applications.,High-quality abrasive grains,Durable backing materials,Versatile for various materials,Quick and efficient cutting/grinding,Reduced dust and mess,Consistent performance,Easy to use,Suitable for various power tools,,,,,,,,,,,,,Various Power Tools,,,"Grinding, Cutting, Polishing",Single Disc,3M Discs,,,,,,,,,,,,,,,,,,,,,,,,,,,,,,,,,,,,,,,,,,,,,,,,,,,,,,,,,,,,,,,,,,,,,,,,,,,,,,,,,,,,,,,,,,,,,,,,,,,,,,,,,,,,,,,,,,,,,,,,,,,,,,,,,,,,,,,,,,,,,,,,,,,,,,,,,,,,,,,,,,,,,,,,,,https://multimedia.3m.com/mws/media/1812021O/industry-feature-image.png,https://multimedia.3m.com/mws/media/2598605J/3m-cubitron-ii-hookit-film-disc-775l-product-family.jpg?width=506,https://multimedia.3m.com/mws/media/1812021O/industry-feature-image.png,https://multimedia.3m.com/mws/media/2598605J/3m-cubitron-ii-hookit-film-disc-775l-product-family.jpg,https://multimedia.3m.com/mws/media/968865J/3m-cubitron-ii-stikit-film-disc-775l-linered-5-120-86803.jpg,,,,,,,,,,,,,,,,,,,,,,,
https://www.mirka.com/en-us/p/Q-SILVER-125-----PSA-0/,https://maspoly.ac.zw/shop/mirka-hiolit-jf-5in-psa-p80-sanding-discs-56-332-080-pack-of-50-only-d66062,https://buyfyn.in/products/mirka-gold-sanding-disc-paper-psa-5-125-mm-p320,https://www.mirka.com/en-in/products/abrasives-and-compounds/abrasives/,https://www.zoro.com/mirka-psa-disc-5-p80-pk100-23-332-080/i/G1688607/,https://docs.broadcom.com/docs/ACFJ-332B-DS100,,,,,,5B-332-080,"5B-332-080 HIOLIT 5"" P80",-- Unbranded --,-- No Unilog Brand --,-- No DIB Brand --,Mirka Abrasives Inc (MIRUS),,Zoro,Mirka PSA Disc 5 P80 PK100 23-332-080,5B-332-080,23-332-080,,,Mirka PSA Disc 5 P80 PK100 23-332-080,Mirka PSA Disc 5 P80 PK100 23-332-080,,,,,,,,,,,,,,,,,,,,,,,,,,,Surface Preparation,100 Discs,,,,,,,,,,,,,,,,,,,,,,,,,,,,,,,,,,,,,,,,,,,,,,,,,,,,,,,,,,,,,,,,,,,,,,,,,,,,,,,,,,,,,,,,,,,,,,,,,,,,,,,,,,,,,,,,,,,,,,,,,,,,,,,,,,,,,,,,,,,,,,,,,,,,,,,,,,,,,,,,,,,,,,,,,,,https://buyfyn-assets.s3.ap-south-1.amazonaws.com/images/products/1778160640_wMHT8oaT6Q.jpg,https://buyfyn-assets.s3.ap-south-1.amazonaws.com/images/products/1778160640_wMHT8oaT6Q.jpg,https://buyfyn-assets.s3.ap-south-1.amazonaws.com/images/products/1778084553_qgYUdVPkVn.jpg,https://buyfyn-assets.s3.ap-south-1.amazonaws.com/images/products/1778160512_nYt1rzcMvo.jpg,https://buyfyn-assets.s3.ap-south-1.amazonaws.com/images/products/1778137659_otzpI0o3fF.jpg,,,,,,,,,,,,,,,,,,,,,,,
,https://diablotools.com/products/DBD090094101F,,,,,,,,,,DBD090094101F,"DBD090094101F Diablo 9"" - Metal Cut-Off Disc",-- Unbranded --,-- No Unilog Brand --,-- No DIB Brand --,Freud Inc (2435),Freud Inc,Diablo Tools,DBD090094101F,DBD090094101F,,,,,Metal Cut-Off Disc,"DIABLO 9"" - METAL CUT-OFF DISC",,,"9"" diameter",Metal Cut-Off,,,,,,,,,,,,,,,,,,,,,,Metal Cutting,,"Diablo 9"" - Metal Cut-Off Disc",,,,,,,,,,,,,,,,,,,,,,,,,,,,,,,,,,,,,,,,,,,,,,,,,,,,,,,,,,,,,,,,,,,,,,,,,,,,,,,,,,,,,,,,,,,,,,,,,,,,,,,,,,,,,,,,,,,,,,,,,,,,,,,,,,,,,,,,,,,,,,,,,,,,,,,,,,,,,,,,,,,,,,,,,,,,,,,,,,,,,,,,,,,,,,,,,,,,,
https://www.mirka.com/en-in/products/abrasives-and-compounds/abrasives/,https://www.mirka.com/en/products/all-products/,https://www.mirka.com/en-ca/p/ULTIMAX-LIGNO-125-----GRIP-Multi/,https://woodworxsupply.com/product/mirka-gold-5-psa/,https://www.belimo.com/mam/general-documents/datasheets-assembly/en-us/belimo_B332L_AFRX24-MFT_assembly_en-us.pdf,https://www.meanwell.com/Upload/PDF/NDR-120/NDR-120-SPEC.PDF,,,,,,5B-332-120,"5B-332-120 HIOLIT 5"" P120",-- Unbranded --,-- No Unilog Brand --,-- No DIB Brand --,Mirka Abrasives Inc (MIRUS),Mirka,Ultimax® Ligno,"5"" Multifit Grip Discs",5B-332-120,,,"Tailored for wood sanding. Fast and even cut, and long service life with good resistance to clogging.","Finishing, Sanding","5"" Multifit Grip Discs","Designed for wood sanding, offering fast and even cuts with a long service life and good resistance to clogging.",Ideal for finishing and sanding applications on various wood types.,"Ultimax® Ligno 5"" Multifit Grip Discs are specifically formulated for wood sanding, providing superior performance and longevity. Featuring fast and even cut, these discs resist clogging and deliver consistent results on a wide range of materials.",Fast and even cut,Long service life,Good resistance to clogging,Multifit Grip,Suitable for Finishing,Suitable for Sanding,,,,,,,,,,,,,,,Superabrasives,,,Wood Sanding,"5"" Multifit Grip Discs","Ultimax® Ligno 5"" Multifit Grip Discs",,,,,,,,,,,,,,,,,,,,,,,,,,,,,,,,,,,,,,,,,,,,,,,,,,,,,,,,,,,,,,,,,,,,,,,,,,,,,,,,,,,,,,,,,,,,,,,,,,,,,,,,,,,,,,,,,,,,,,,,,,,,,,,,,,,,,,,,,,,,,,,,,,,,,,,,,,,See manufacturer's website for warranty information,,,,Varies - consult manufacturer's website,,,,,,,,,,,https://img.mirka.com/medias/8A241F0251.jpg?context=bWFzdGVyfGltYWdlc3wxMTA2NjEwfGltYWdlL2pwZWd8YUdNNUwyZzFNUzg1T0RnNU5qRTRORFl3TnpBeUx6aEJNalF4UmpBeU5URXVhbkJufDcwYTE0N2I4ZjJjMzVlYmQwNmNmYzUyYmI3YWQxYzg1MjIxZGM4MzU2NGMyM2MzZTBjNTFhYTQ1OTA3NDc5YzE,https://img.mirka.com/medias/8A241F0251.jpg?context=bWFzdGVyfGltYWdlc3wxMTA2NjEwfGltYWdlL2pwZWd8YUdNNUwyZzFNUzg1T0RnNU5qRTRORFl3TnpBeUx6aEJNalF4UmpBeU5URXVhbkJufDcwYTE0N2I4ZjJjMzVlYmQwNmNmYzUyYmI3YWQxYzg1MjIxZGM4MzU2NGMyM2MzZTBjNTFhYTQ1OTA3NDc5YzE&tr=w-480%2ch-240%2ccm-pad_resize%2cbg-FFFFFF,https://img.mirka.com/medias/8A241F0251.jpg?context=bWFzdGVyfGltYWdlc3wxMTA2NjEwfGltYWdlL2pwZWd8YUdNNUwyZzFNUzg1T0RnNU5qRTRORFl3TnpBeUx6aEJNalF4UmpBeU5URXVhbkJufDcwYTE0N2I4ZjJjMzVlYmQwNmNmYzUyYmI3YWQxYzg1MjIxZGM4MzU2NGMyM2MzZTBjNTFhYTQ1OTA3NDc5YzE&tr=w-360%2ch-180%2ccm-pad_resize%2cbg-FFFFFF,https://img.mirka.com/medias/8A232-003.jpg?context=bWFzdGVyfGltYWdlc3wyMzk4MTV8aW1hZ2UvanBlZ3xhR1JsTDJnMk1TODRPREkxT0RRNU5UYzNOVEF5THpoQk1qTXlYekF3TXk1cWNHY3xhMmZiODZkZjk4MzFkNDcyNGVkY2JiMTBkZjFlODY1Y2I4ZWU5NTNjOTRmMGIwNjFmMDYwOGIxZDNjMGQ3NTFl,https://img.mirka.com/medias/8A232-003.jpg?context=bWFzdGVyfGltYWdlc3wyMzk4MTV8aW1hZ2UvanBlZ3xhR1JsTDJnMk1TODRPREkxT0RRNU5UYzNOVEF5THpoQk1qTXlYekF3TXk1cWNHY3xhMmZiODZkZjk4MzFkNDcyNGVkY2JiMTBkZjFlODY1Y2I4ZWU5NTNjOTRmMGIwNjFmMDYwOGIxZDNjMGQ3NTFl&tr=w-480%2ch-240%2ccm-pad_resize%2cbg-FFFFFF,,,,,,,,,,,,,,,,,,,,,,,
,https://www.burnstools.com/accessories/abrasives-pads-sandpaper,,,,,,,,,,DBDS12125G01F,"DBDS12125G01F Diablo 12""x20mm - Speed Demon Metal Cut-Off Disc",-- Unbranded --,-- No Unilog Brand --,-- No DIB Brand --,Freud Inc (2435),,,,DBDS12125G01F,,,,,,,,,,,,,,,,,,,,,,,,,,,,,,,,,,,,,,,,,,,,,,,,,,,,,,,,,,,,,,,,,,,,,,,,,,,,,,,,,,,,,,,,,,,,,,,,,,,,,,,,,,,,,,,,,,,,,,,,,,,,,,,,,,,,,,,,,,,,,,,,,,,,,,,,,,,,,,,,,,,,,,,,,,,,,,,,,,,,,,,,,,,,,,,,,,,,,,,,,,,,,,,,,,,,,,,,,,,,,,,,,,,,,,,
,https://www.abglovesandabrasives.com/categories/abrasives/rolls/hook-loop/2.html,https://static.richelieu.com/documents/documentsCommandeSpeciale/155/515/4/1555154/pdf_1000380_Fr.pdf,https://www.burnstools.com/manufacturers/mirka-abrasives,https://www.smsdistributors.com/products/mirka-abranet-3-x-5-grip-sanding-sheets-9a-178-series,https://www.ti.com/lit/ds/symlink/am5708.pdf,,,,,,9A-570-240,9A-570-240 Abranet 2.75x30,-- Unbranded --,-- No Unilog Brand --,-- No DIB Brand --,Mirka Abrasives Inc (MIRUS),SMS Distributors,Buff and Shine,Surface,9A-570-240,,,,,,,,,Center Ring Design,Double Sided Wool,Foam Grip,Microfiber,Wool Grip,Applicators and Towels,Ancillary Items,,,,,,,,,,,,,,,,,Buffing and Polishing,,,,,,,,,,,,,,,,,,,,,,,,,,,,,,,,,,,,,,,,,,,,,,,,,,,,,,,,,,,,,,,,,,,,,,,,,,,,,,,,,,,,,,,,,,,,,,,,,,,,,,,,,,,,,,,,,,,,,,,,,,,,,,,,,,,,,,,,,,,,,,,,,,,,,,,,,,,,,,,,,,,,,,,,,,,,https://cdn11.bigcommerce.com/s-a2228/images/stencil/500x659/products/1602/53343/MIR_AE570600__22233__14495.1490715444.jpg?c=2,https://cdn11.bigcommerce.com/s-a2228/images/stencil/80w/products/1602/53343/MIR_AE570600__22233__14495.1490715444.jpg?c=2,https://cdn11.bigcommerce.com/s-a2228/images/stencil/160w/products/1602/53343/MIR_AE570600__22233__14495.1490715444.jpg?c=2,https://cdn11.bigcommerce.com/s-a2228/images/stencil/320w/products/1602/53343/MIR_AE570600__22233__14495.1490715444.jpg?c=2,https://cdn11.bigcommerce.com/s-a2228/images/stencil/640w/products/1602/53343/MIR_AE570600__22233__14495.1490715444.jpg?c=2,,,,,,,,,,,,,,,,,,,,,,,
,https://diablotools.com/products/DBDS12125A01F,https://www.burnstools.com/accessories/abrasives-pads-sandpaper,https://www.homedepot.ca/product/diablo-12-inch-x-1-8-inch-x-1-inch-cut-off-chop-saw-wheel-disc-blade-for-metal-cutting/1000719775,,,,,,,,DBDS12125A01F,"DBDS12125A01F Diablo 12"" - Steel Demon Metal Cut-Off Disc",-- Unbranded --,-- No Unilog Brand --,-- No DIB Brand --,Freud Inc (2435),Freud Inc,Diablo,Steel Demon,DBDS12125A01F,DBDS12125A01F,,"12"" Type 1 Steel Demon™ High Speed Metal Cut-Off Disc","Diablo's Steel Demon™ metal cut-off discs deliver industrial performance, increased productivity and longer cutting life. Featuring a premium ceramic blend that produces quick cuts that deliver up to 6X longer life. Fully reinforced for hand-held work, these discs are ideal for cuts and working in hard-to-reach areas.","12"" Steel Demon Metal Cut-Off Disc","Diablo's Steel Demon™ metal cut-off discs deliver industrial performance, increased productivity and longer cutting life. Featuring a premium ceramic blend that produces quick cuts that deliver up to 6X longer life. Fully reinforced for hand-held work, these discs are ideal for cuts and working in hard-to-reach areas.",Premium ceramic blend for industrial performance and up to 6X longer life versus standard cut-off discs. Flat disc (Type 1) for straight-on cuts. Ideal for working in hard-to-access areas. Fully reinforced for hand-held cutting. Optimized for cordless and corded angle grinders.,"Diablo's Steel Demon™ metal cut-off discs deliver industrial performance, increased productivity and longer cutting life.",Premium ceramic blend,Up to 6X longer life,Flat disc (Type 1),Ideal for hard-to-access areas,Fully reinforced for hand-held cutting,Optimized for cordless and corded angle grinders,"Max RPM of 6,350",,,,,,,,,,,,,,"Gas Saw, Rebar, Cast Iron, Steel Bar, Stainless Steel, Angle Iron/Tubing, Threaded Rod, Strut, Steel Tube, Steel Stud, Mild Steel, Flat Bar, EMT Conduit",,,"Cutting Angle Iron, Metal Slotting, Cutting Steel Studs, Fabricating Sheet Metal",1,"Diablo 12"" Type 1 Steel Demon™ High Speed Metal Cut-Off Disc",,,,,,,,,,,,,,,,,,,,,,,,,,,,,,,,,,,,,,,,,,,,,,,,,,,,,,,,,,,,,,,,,,,,,,,,,,,,,,,,,,,,,,,,,,,,,,,,,,,,,,,,,,,,,,,,,,,,,,,,,,,,,,,,,,,,,,,,,,,,,,,,,,,,,,,,,,,,,,,,12,inches,1/8,inches,,,,,,,https://images.freudnation.com/s/ik-seo/tr:w-600/jyjxolhhr8msij3jdfue/12-type-1-steel-demon-high-speed-metal-cut-off-disc,,,,,,,,,,,,,,,,,,,,,,,,,,,
,,,,,,,,,,,9A-570-320,9A-570-320 Abranet 2.75x30,-- Unbranded --,-- No Unilog Brand --,-- No DIB Brand --,Mirka Abrasives Inc (MIRUS),Mirka Abrasives Inc (MIRUS),Mirka Abrasives Inc (MIRUS),,9A-570-320,,,9A-570-320 Abranet 2.75x30 by Mirka Abrasives Inc (MIRUS) - Model 9A-570-320,9A-570-320 MIRKA ABRASIVES INC (MIRUS),9A-570-320 Abranet 2.75x30,,,,,,,,,,,,,,,,,,,,,,,,,,,,,Mirka Abrasives Inc (MIRUS) 9A-570-320,,,,,,,,,,,,,,,,,,,,,,,,,,,,,,,,,,,,,,,,,,,,,,,,,,,,,,,,,,,,,,,,,,,,,,,,,,,,,,,,,,,,,,,,,,,,,,,,,,,,,,,,,,,,,,,,,,,,,,,,,,,,,,,,,,,,,,,,,,,,,,,,,,,,,,,,,,,,,,,,,,,,,,,,,,,,,,,,,,,,,,,,,,,,,,,,,,,,,
,,,,,,,,,,,DBDS14125A01F,"DBDS14125A01F Diablo 14""x1"" - Steel Demon Metal Cut-Off Disc",-- Unbranded --,-- No Unilog Brand --,-- No DIB Brand --,Freud Inc (2435),Freud Inc (2435),Freud Inc (2435),,DBDS14125A01F,,,"DBDS14125A01F Diablo 14""x1"" - Steel Demon Metal Cut-Off Disc by Freud Inc (2435)",DBDS14125A01F FREUD INC (2435),"DBDS14125A01F Diablo 14""x1"" - Steel Demon Metal Cut-Off Disc",,,,,,,,,,,,,,,,,,,,,,,,,,,,,Freud Inc (2435) DBDS14125A01F,,,,,,,,,,,,,,,,,,,,,,,,,,,,,,,,,,,,,,,,,,,,,,,,,,,,,,,,,,,,,,,,,,,,,,,,,,,,,,,,,,,,,,,,,,,,,,,,,,,,,,,,,,,,,,,,,,,,,,,,,,,,,,,,,,,,,,,,,,,,,,,,,,,,,,,,,,,,,,,,,,,,,,,,,,,,,,,,,,,,,,,,,,,,,,,,,,,,,
,,,,,,,,,,,DBDS14125G01F,"DBDS14125G01F Diablo 14""x20mm - Steel Demon Metal Cut-Off Disc",-- Unbranded --,-- No Unilog Brand --,-- No DIB Brand --,Freud Inc (2435),Freud Inc (2435),Freud Inc (2435),,DBDS14125G01F,,,"DBDS14125G01F Diablo 14""x20mm - Steel Demon Metal Cut-Off Disc by Freud Inc (243",DBDS14125G01F FREUD INC (2435),"DBDS14125G01F Diablo 14""x20mm - Steel Demon Metal Cut-Off Disc",,,,,,,,,,,,,,,,,,,,,,,,,,,,,Freud Inc (2435) DBDS14125G01F,,,,,,,,,,,,,,,,,,,,,,,,,,,,,,,,,,,,,,,,,,,,,,,,,,,,,,,,,,,,,,,,,,,,,,,,,,,,,,,,,,,,,,,,,,,,,,,,,,,,,,,,,,,,,,,,,,,,,,,,,,,,,,,,,,,,,,,,,,,,,,,,,,,,,,,,,,,,,,,,,,,,,,,,,,,,,,,,,,,,,,,,,,,,,,,,,,,,,
,,,,,,,,,,,49-94-0029,"49-94-0029 Milw 6-1/2""x1/8""x5/8"" DKO Metal Cut Off Disc",-- Unbranded --,-- No Unilog Brand --,-- No DIB Brand --,Milwaukee Accessory (4031),Milwaukee Accessory (4031),Milwaukee Accessory (4031),,49-94-0029,,,"49-94-0029 Milw 6-1/2""x1/8""x5/8"" DKO Metal Cut Off Disc by Milwaukee Accessory (",49-94-0029 MILWAUKEE ACCESSORY (4031),"49-94-0029 Milw 6-1/2""x1/8""x5/8"" DKO Metal Cut Off Disc",,,,,,,,,,,,,,,,,,,,,,,,,,,,,Milwaukee Accessory (4031) 49-94-0029,,,,,,,,,,,,,,,,,,,,,,,,,,,,,,,,,,,,,,,,,,,,,,,,,,,,,,,,,,,,,,,,,,,,,,,,,,,,,,,,,,,,,,,,,,,,,,,,,,,,,,,,,,,,,,,,,,,,,,,,,,,,,,,,,,,,,,,,,,,,,,,,,,,,,,,,,,,,,,,,,,,,,,,,,,,,,,,,,,,,,,,,,,,,,,,,,,,,,
https://www.milwaukeetool.com/products/details/5-x-045-x-7-8-metal-cut-off-wheel-type-1/49-94-0013,,,,,,,,,,,49-94-0013,"49-94-0013 Milw 5""x.045""x7/8"" Metal Cut Off Disc",-- Unbranded --,-- No Unilog Brand --,-- No DIB Brand --,Milwaukee Accessory (4031),Milwaukee Accessory (4031),Milwaukee Accessory (4031),,49-94-0013,,,"49-94-0013 Milw 5""x.045""x7/8"" Metal Cut Off Disc by Milwaukee Accessory (4031) -",49-94-0013 MILWAUKEE ACCESSORY (4031),"49-94-0013 Milw 5""x.045""x7/8"" Metal Cut Off Disc",,,,,,,,,,,,,,,,,,,,,,,,,,,,,Milwaukee Accessory (4031) 49-94-0013,,,,,,,,,,,,,,,,,,,,,,,,,,,,,,,,,,,,,,,,,,,,,,,,,,,,,,,,,,,,,,,,,,,,,,,,,,,,,,,,,,,,,,,,,,,,,,,,,,,,,,,,,,,,,,,,,,,,,,,,,,,,,,,,,,,,,,,,,,,,,,,,,,,,,,,,,,,,,,,,,,,,,,,,,,/--/web-images/sc/fd509365d60644e9af34a671d7464af4?hash=80fa49eded5f29bbc4fd727f81d97d9c&lang=en,/--/web-images/sc/fd509365d60644e9af34a671d7464af4?hash=80fa49eded5f29bbc4fd727f81d97d9c&lang=en&mw=420,/--/web-images/sc/fd509365d60644e9af34a671d7464af4?hash=80fa49eded5f29bbc4fd727f81d97d9c&lang=en&mw=840,/--/web-images/sc/fd509365d60644e9af34a671d7464af4?hash=80fa49eded5f29bbc4fd727f81d97d9c&lang=en&mw=768,/--/web-images/sc/fd509365d60644e9af34a671d7464af4?hash=80fa49eded5f29bbc4fd727f81d97d9c&lang=en&mw=1536,,,,,,,,,,,,,,,,,,,,,,,
